{
    "ModSettings": {
        "highlight_foused_items": {
            "value": false
        },
        "enable_profiles": {
            "value": false
        },
        "enable_updates_check": false,
        "first_run": false
    },
    "GuiSettings": {
        "enable_inventory_editor_button": {
            "value": false
        },
        "enable_inventory_settings_button": {
            "value": false
        },
        "enable_profiles_ui": {
            "value": false
        },
        "show_fast_rename_checkbox": {
            "value": false
        },
        "show_continuous_crafting_checkbox": {
            "value": false
        },
        "show_regular_sort_button": {
            "value": false
        },
        "show_sort_in_columns_button": {
            "value": false
        },
        "show_sort_in_rows_button": {
            "value": false
        },
        "show_move_all_button": {
            "value": false
        }
    },
    "AutoRefillSettings": {
        "refill_armor": {
            "value": false
        },
        "refill_before_tool_break": {
            "value": false
        },
        "auto_refill_enable_indicator_icons": {
            "value": false
        },
        "auto_refill_enable_horbar_indicator_icons": {
            "value": false
        },
        "visual_durability_notification": {
            "value": false
        },
        "audio_durability_notification": {
            "value": false
        },
        "visual_replace_success_notification": {
            "value": false
        },
        "audio_replace_success_notification": {
            "value": false
        },
        "visual_replace_failed_notification": {
            "value": false
        },
        "audio_replace_failed_notification": {
            "value": false
        }
    },
    "Hotkeys": {
        "sort_inventory": {
            "main": {
                "keys": "BUTTON_3"
            }
        },
        "scroll_to_chest": {
            "main": {
                "keys": ""
            }
        },
        "scroll_to_inventory": {
            "main": {
                "keys": ""
            }
        },
        "apply_profile": {
            "main": {
                "keys": ""
            }
        },
        "next_profile": {
            "main": {
                "keys": ""
            }
        },
        "prev_profile": {
            "main": {
                "keys": ""
            }
        },
        "profile_1": {
            "main": {
                "keys": ""
            }
        },
        "profile_2": {
            "main": {
                "keys": ""
            }
        },
        "profile_3": {
            "main": {
                "keys": ""
            }
        },
        "save_as_profile": {
            "main": {
                "keys": ""
            }
        },
        "copy_components": {
            "main": {
                "keys": ""
            }
        },
        "copy_item_id": {
            "main": {
                "keys": ""
            }
        }
    }
}