{
  "mod_priorities": [
    "minecraft",
    "kubejs",
    "modern_industrialization",
    "mekanism",
    "moremekanismprocessing",
    "occultism",
    "pneumaticcraft",
    "farmersdelight",
    "croptopia",
    "dumplings_delight",
    "sushigocrafting"
  ],
  "priority_overrides": {},
  "stone_variants": ["stone", "andesite", "deepslate", "diorite", "granite", "nether"],
  "tags": [
    "c:dusts/{material}",
    "c:gears/{material}",
    "c:gems/{material}",
    "c:ingots/{material}",
    "c:nuggets/{material}",
    "c:ores/{material}",
    "c:plates/{material}",
    "c:raw_materials/{material}",
    "c:rods/{material}",
    "c:storage_blocks/raw_{material}",
    "c:storage_blocks/{material}",
    "c:wires/{material}",
    "c:tiny_dusts/{material}",
    "c:crops/{material}",
    "c:seeds/{material}",
    "c:foods/raw_bacon",
    "c:foods/cooked_bacon",
    "c:foods/calamari",
    "c:plastics"
  ],
  "ignored_tags": [],
  "ignored_items": ["farmersdelight:cabbage", "industrialforegoing:iron_gear", "industrialforegoing:gold_gear", "industrialforegoing:diamond_gear"],
  "ignored_recipe_types": ["cucumber:shaped_tag"],
  "ignored_recipe_ids": [],
  "recipe_viewer_hiding": true,
  "loot_unification": true,
  "ignored_loot_tables": []
}
