{"head":{"x":0,"y":0,"halign":"LEFT","valign":"TOP","enabled":true},"feet":{"x":0,"y":200,"halign":"LEFT","valign":"TOP","enabled":true},"hands":{"x":0,"y":100,"halign":"LEFT","valign":"TOP","enabled":true},"charm":{"x":0,"y":160,"halign":"LEFT","valign":"TOP","enabled":true},"ring":{"x":0,"y":120,"halign":"LEFT","valign":"TOP","enabled":true},"belt":{"x":0,"y":140,"halign":"LEFT","valign":"TOP","enabled":true},"back":{"x":102,"y":19,"halign":"RIGHT","valign":"BOTTOM","enabled":true},"necklace":{"x":0,"y":20,"halign":"LEFT","valign":"TOP","enabled":true},"bracelet":{"x":0,"y":80,"halign":"LEFT","valign":"TOP","enabled":true},"body":{"x":0,"y":60,"halign":"LEFT","valign":"TOP","enabled":true},"curio":{"x":0,"y":180,"halign":"LEFT","valign":"TOP","enabled":true}}