{
    "de.mari_023.ae2wtlib.wct.WCTScreen": {
        "playerSideOnly": true,
        "buttonHints": {
            "SORT": {
                "horizontalOffset": 20
            },
            "SORT_COLUMNS": {
                "horizontalOffset": 20
            },
            "SORT_ROWS": {
                "horizontalOffset": 20
            }
        }
    },
    "de.mari_023.ae2wtlib.wet.WETScreen": {
        "ignore": true,
        "buttonHints": {
            "SORT": {
                "horizontalOffset": 20
            },
            "SORT_COLUMNS": {
                "horizontalOffset": 20
            },
            "SORT_ROWS": {
                "horizontalOffset": 20
            }
        }
    },
    "de.mari_023.ae2wtlib.wat.WATScreen": {
        "ignore": true,
        "buttonHints": {
            "SORT": {
                "horizontalOffset": 20
            },
            "SORT_COLUMNS": {
                "horizontalOffset": 20
            },
            "SORT_ROWS": {
                "horizontalOffset": 20
            }
        }
    },
    "de.mari_023.ae2wtlib.wct.magnet_card.config.MagnetScreen": {
        "playerSideOnly": true,
        "buttonHints": {
            "SORT": {
                "bottom": -1
            },
            "SORT_COLUMNS": {
                "bottom": -1
            },
            "SORT_ROWS": {
                "bottom": -1
            }
        }
    },
    "de.mari_023.ae2wtlib.wct.TrashScreen": {
        "ignore": true,
        "buttonHints": {
            "SORT": {
                "horizontalOffset": 20
            },
            "SORT_COLUMNS": {
                "horizontalOffset": 20
            },
            "SORT_ROWS": {
                "horizontalOffset": 20
            },
            "MOVE_TO_CONTAINER": {
                "horizontalOffset": 20,
                "bottom": 29
            },
            "MOVE_TO_PLAYER": {
                "horizontalOffset": 20
            }
        }
    },
    "appeng.client.gui.me.common.TerminalSettingsScreen": {
        "ignore": true
    },
    "de.mari_023.ae2wtlib.wct.TrashMenu": {
        "ignore": true
    },
    "de.mari_023.ae2wtlib.wet.WETMenu": {
        "ignore": true
    },
    "de.mari_023.ae2wtlib.wat.WATMenu": {
        "ignore": true
    }
}