{
    "top.theillusivec4.curios.client.gui.CuriosScreen": {
        "playerSideOnly": true
    },
    "top.theillusivec4.curios.common.inventory.container.CuriosContainer": {
        "playerSideOnly": true
    },
    "com.glodblock.github.extendedae.xmod.wt.GuiUWirelessExPAT": {
        "ignore": true,
        "buttonHints": {
            "SORT": {
                "horizontalOffset": 20
            },
            "SORT_COLUMNS": {
                "horizontalOffset": 20
            },
            "SORT_ROWS": {
                "horizontalOffset": 20
            }
        }
    },
    "com.glodblock.github.extendedae.client.gui.GuiExPatternTerminal": {
        "playerSideOnly": true,
        "buttonHints": {
            "SORT": {
                "horizontalOffset": 20
            },
            "SORT_COLUMNS": {
                "horizontalOffset": 20
            },
            "SORT_ROWS": {
                "horizontalOffset": 20
            }
        }
    },
    "net.natte.bankstorage.client.screen.BankScreen": {
        "playerSideOnly": true
    },
    "aztech.modern_industrialization.machines.gui.MachineScreen": {
        "playerSideOnly": true,
        "buttonHints": {
            "MOVE_TO_PLAYER": {
                "horizontalOffset": 42,
                "top": 11
            },
            "SORT": {
                "horizontalOffset": -2
            },
            "SORT_COLUMNS": {
                "horizontalOffset": -2
            },
            "SORT_ROWS": {
                "horizontalOffset": -2,
                "top": 11
            }
        }
    },
    "com.klikli_dev.occultism.client.gui.storage.StorageControllerGui": {
        "playerSideOnly": true,
        "buttonHints": {
            "MOVE_TO_CONTAINER": {
                "horizontalOffset": -2,
                "bottom": 24
            },
            "SORT": {
                "horizontalOffset": -26
            },
            "SORT_COLUMNS": {
                "horizontalOffset": -14,
                "bottom": 12
            },
            "SORT_ROWS": {
                "horizontalOffset": -2,
                "bottom": 24
            }
        }
    },
    "com.klikli_dev.occultism.common.container.storage.StorageControllerContainer": {
        "playerSideOnly": true
    },
    "com.klikli_dev.occultism.client.gui.storage.StorageRemoteGui": {
        "playerSideOnly": true,
        "buttonHints": {
            "MOVE_TO_CONTAINER": {
                "horizontalOffset": -2,
                "bottom": 24
            },
            "SORT": {
                "horizontalOffset": -26
            },
            "SORT_COLUMNS": {
                "horizontalOffset": -14,
                "bottom": 12
            },
            "SORT_ROWS": {
                "horizontalOffset": -2,
                "bottom": 24
            }
        }
    },
    "com.klikli_dev.occultism.common.container.storage.StorageRemoteContainer": {
        "playerSideOnly": true
    },
    "lain.mods.cos.impl.client.gui.GuiCosArmorInventory": {
        "playerSideOnly": true,
        "buttonHints": {
            "SORT": {
                "bottom": 22
            },
            "SORT_COLUMNS": {
                "bottom": 22
            },
            "SORT_ROWS": {
                "bottom": 22
            }
        }
    },
    "mekanism.client.gui.machine.GuiFactory": {
        "playerSideOnly": true,
        "buttonHints": {
            "SORT": {
                "bottom": -3
            },
            "SORT_COLUMNS": {
                "bottom": -3
            },
            "SORT_ROWS": {
                "bottom": -3
            }
        }
    },
    "mekanism.client.gui.GuiModuleTweaker": {
        "ignore": true
    },
    "mekanism.common.inventory.container.ModuleTweakerContainer": {
        "ignore": true
    },
    "mekanism.client.gui.item.GuiPortableTeleporter": {
        "ignore": true
    },
    "mekanism.common.inventory.container.item.PortableTeleporterContainer": {
        "ignore": true
    },
    "mekanism.client.gui.GuiEnergyCube": {
        "playerSideOnly": true
    },
    "mekanism.client.gui.GuiChemicalTank": {
        "playerSideOnly": true,
        "buttonHints": {
            "SORT": {
                "horizontalOffset": 33
            },
            "SORT_COLUMNS": {
                "horizontalOffset": 33
            },
            "SORT_ROWS": {
                "horizontalOffset": 33
            }
        }
    },
    "mekanism.client.gui.machine.GuiAntiprotonicNucleosynthesizer": {
        "playerSideOnly": true
    },
    "mekanism.client.gui.GuiFluidTank": {
        "playerSideOnly": true
    },
    "mekanism.client.gui.machine.GuiNutritionalLiquifier": {
        "playerSideOnly": true,
        "buttonHints": {
            "SORT": {
                "horizontalOffset": 32,
                "bottom": 11
            },
            "SORT_COLUMNS": {
                "horizontalOffset": 32,
                "bottom": 11
            },
            "SORT_ROWS": {
                "horizontalOffset": 56,
                "bottom": -1
            }
        }
    },
    "com.hidoni.transmog.gui.TransmogScreen": {
        "playerSideOnly": true
    },
    "dev.su5ed.mffs.screen.ProjectorScreen": {
        "playerSideOnly": true,
        "buttonHints": {
            "SORT": {
                "bottom": 14
            },
            "SORT_COLUMNS": {
                "bottom": 14
            },
            "SORT_ROWS": {
                "bottom": 14
            }
        }
    },
    "dev.su5ed.mffs.screen.CoercionDeriverScreen": {
        "playerSideOnly": true
    },
    "dev.su5ed.mffs.screen.FortronCapacitorScreen": {
        "playerSideOnly": true
    },
    "dev.su5ed.mffs.screen.BiometricIdentifierScreen": {
        "playerSideOnly": true,
        "buttonHints": {
            "SORT": {
                "bottom": 67
            },
            "SORT_COLUMNS": {
                "bottom": 67
            },
            "SORT_ROWS": {
                "bottom": 67
            }
        }
    },
    "dev.su5ed.mffs.screen.InterdictionMatrixScreen": {
        "playerSideOnly": true,
        "buttonHints": {
            "SORT": {
                "bottom": 12
            },
            "SORT_COLUMNS": {
                "bottom": 12
            },
            "SORT_ROWS": {
                "bottom": 12
            }
        }
    },
    "owmii.powah.client.screen.container.ThermoScreen": {
        "ignore": true
    },
    "owmii.powah.inventory.ThermoContainer": {
        "ignore": true
    },
    "com.ultramega.ae2importexportcard.screen.UpgradeScreen": {
        "ignore": true
    },
    "com.ultramega.ae2importexportcard.container.UpgradeContainerMenu": {
        "ignore": true
    },
    "de.mari_023.ae2wtlib.wct.magnet_card.MagnetScreen": {
        "ignore": true
    },
    "de.mari_023.ae2wtlib.wct.magnet_card.MagnetMenu": {
        "ignore": true
    },
    "com.tiviacz.travelersbackpack.client.screens.TravelersBackpackScreen": {
        "ignore": true
    },
    "com.tiviacz.travelersbackpack.inventory.menu.TravelersBackpackItemMenu": {
        "ignore": true
    },
    "mekanism.client.gui.GuiQuantumEntangloporter": {
        "playerSideOnly": true
    },
    "mekanism.client.gui.GuiDimensionalStabilizer": {
        "playerSideOnly": true
    },
    "mekanism.client.gui.qio.GuiQIODashboard": {
        "ignore": true
    },
    "mekanism.common.inventory.container.tile.QIODashboardContainer": {
        "ignore": true
    },
    "mekanism.client.gui.qio.GuiQIOImporter": {
        "playerSideOnly": true
    },
    "mekanism.client.gui.qio.GuiQIOExporter": {
        "playerSideOnly": true
    },
    "com.direwolf20.justdirethings.client.screens.ItemCollectorScreen": {
        "ignore": true
    },
    "com.direwolf20.justdirethings.common.containers.ItemCollectorContainer": {
        "ignore": true
    },
    "com.direwolf20.justdirethings.client.screens.BlockBreakerT1Screen": {
        "ignore": true
    },
    "com.direwolf20.justdirethings.common.containers.BlockBreakerT1Container": {
        "ignore": true
    },
    "com.direwolf20.justdirethings.client.screens.BlockBreakerT2Screen": {
        "ignore": true
    },
    "com.direwolf20.justdirethings.common.containers.BlockBreakerT2Container": {
        "ignore": true
    },
    "com.direwolf20.justdirethings.client.screens.BlockPlacerT1Screen": {
        "ignore": true
    },
    "com.direwolf20.justdirethings.common.containers.BlockPlacerT1Container": {
        "ignore": true
    },
    "com.direwolf20.justdirethings.client.screens.BlockPlacerT2Screen": {
        "ignore": true
    },
    "com.direwolf20.justdirethings.common.containers.BlockPlacerT2Container": {
        "ignore": true
    },
    "com.direwolf20.justdirethings.client.screens.ClickerT1Screen": {
        "ignore": true
    },
    "com.direwolf20.justdirethings.common.containers.ClickerT1Container": {
        "ignore": true
    },
    "com.direwolf20.justdirethings.client.screens.ClickerT2Screen": {
        "ignore": true
    },
    "com.direwolf20.justdirethings.common.containers.ClickerT2Container": {
        "ignore": true
    },
    "com.direwolf20.justdirethings.client.screens.SensorT1Screen": {
        "ignore": true
    },
    "com.direwolf20.justdirethings.common.containers.SensorT1Container": {
        "ignore": true
    },
    "com.direwolf20.justdirethings.client.screens.SensorT2Screen": {
        "ignore": true
    },
    "com.direwolf20.justdirethings.common.containers.SensorT2Container": {
        "ignore": true
    },
    "com.direwolf20.justdirethings.client.screens.DropperT1Screen": {
        "ignore": true
    },
    "com.direwolf20.justdirethings.common.containers.DropperT1Container": {
        "ignore": true
    },
    "com.direwolf20.justdirethings.client.screens.DropperT2Screen": {
        "ignore": true
    },
    "com.direwolf20.justdirethings.common.containers.DropperT2Container": {
        "ignore": true
    },
    "com.direwolf20.justdirethings.client.screens.BlockSwapperT1Screen": {
        "ignore": true
    },
    "com.direwolf20.justdirethings.common.containers.BlockSwapperT1Container": {
        "ignore": true
    },
    "com.direwolf20.justdirethings.client.screens.BlockSwapperT2Screen": {
        "ignore": true
    },
    "com.direwolf20.justdirethings.common.containers.BlockSwapperT2Container": {
        "ignore": true
    },
    "com.direwolf20.justdirethings.client.screens.PlayerAccessorScreen": {
        "ignore": true
    },
    "com.direwolf20.justdirethings.common.containers.PlayerAccessorContainer": {
        "ignore": true
    },
    "com.direwolf20.justdirethings.client.screens.FluidPlacerT1Screen": {
        "ignore": true
    },
    "com.direwolf20.justdirethings.common.containers.FluidPlacerT1Container": {
        "ignore": true
    },
    "com.direwolf20.justdirethings.client.screens.FluidPlacerT2Screen": {
        "ignore": true
    },
    "com.direwolf20.justdirethings.common.containers.FluidPlacerT2Container": {
        "ignore": true
    },
    "com.direwolf20.justdirethings.client.screens.FluidCollectorT1Screen": {
        "ignore": true
    },
    "com.direwolf20.justdirethings.common.containers.FluidCollectorT1Container": {
        "ignore": true
    },
    "com.direwolf20.justdirethings.client.screens.FluidCollectorT2Screen": {
        "ignore": true
    },
    "com.direwolf20.justdirethings.common.containers.FluidCollectorT2Container": {
        "ignore": true
    },
    "com.direwolf20.justdirethings.client.screens.GeneratorT1Screen": {
        "ignore": true
    },
    "com.direwolf20.justdirethings.common.containers.GeneratorT1Container": {
        "ignore": true
    },
    "com.direwolf20.justdirethings.client.screens.GeneratorFluidT1Screen": {
        "ignore": true
    },
    "com.direwolf20.justdirethings.common.containers.GeneratorFluidT1Container": {
        "ignore": true
    },
    "com.direwolf20.justdirethings.client.screens.EnergyTransmitterScreen": {
        "ignore": true
    },
    "com.direwolf20.justdirethings.common.containers.EnergyTransmitterContainer": {
        "ignore": true
    },
    "com.direwolf20.justdirethings.client.screens.FuelCanisterScreen": {
        "playerSideOnly": true
    },
    "com.direwolf20.justdirethings.client.screens.PocketGeneratorScreen": {
        "playerSideOnly": true
    },
    "com.direwolf20.justdirethings.client.screens.ToolSettingScreen": {
        "playerSideOnly": true
    },
    "com.glodblock.github.extendedae.xmod.wt.ContainerUWirelessExPAT": {
        "ignore": true
    },
    "owmii.powah.client.screen.container.EnderCellScreen": {
        "ignore": true
    },
    "owmii.powah.inventory.EnderCellContainer": {
        "ignore": true
    },
    "owmii.powah.client.screen.container.PlayerTransmitterScreen": {
        "ignore": true
    },
    "owmii.powah.inventory.PlayerTransmitterContainer": {
        "ignore": true
    },
    "owmii.powah.client.screen.container.EnergyHopperScreen": {
        "ignore": true
    },
    "owmii.powah.inventory.EnergyHopperContainer": {
        "ignore": true
    },
    "owmii.powah.client.screen.container.SolarScreen": {
        "ignore": true
    },
    "owmii.powah.inventory.SolarContainer": {
        "ignore": true
    },
    "owmii.powah.client.screen.container.FurnatorScreen": {
        "ignore": true
    },
    "owmii.powah.inventory.FurnatorContainer": {
        "ignore": true
    },
    "owmii.powah.client.screen.container.ReactorScreen": {
        "ignore": true
    },
    "owmii.powah.inventory.ReactorContainer": {
        "ignore": true
    },
    "owmii.powah.client.screen.container.EnergyCellScreen": {
        "ignore": true
    },
    "owmii.powah.inventory.EnergyCellContainer": {
        "ignore": true
    },
    "owmii.powah.client.screen.container.DischargerScreen": {
        "ignore": true
    },
    "owmii.powah.inventory.DischargerContainer": {
        "ignore": true
    },
    "com.direwolf20.buildinggadgets2.client.screen.TemplateManagerGUI": {
        "playerSideOnly": true,
        "buttonHints": {
            "SORT": {
                "horizontalOffset": 21,
                "bottom": -14
            },
            "SORT_COLUMNS": {
                "horizontalOffset": 21,
                "bottom": -14
            },
            "SORT_ROWS": {
                "horizontalOffset": 21,
                "bottom": -14
            }
        }
    },
    "aztech.modern_industrialization.pipes.item.ItemPipeScreen": {
        "playerSideOnly": true
    },
    "aztech.modern_industrialization.pipes.fluid.FluidPipeScreen": {
        "playerSideOnly": true
    }
}